CREATE DATABASE hermes;

USE hermes;

CREATE TABLE MainCategory(
MAIN_CATEGORY_ID INT AUTO_INCREMENT PRIMARY KEY,
MAIN_CATEGORY_NAME VARCHAR(100) NOT NULL
);


INSERT INTO MainCategory (MAIN_CATEGORY_NAME) VALUES ('여성');
INSERT INTO MainCategory (MAIN_CATEGORY_NAME) VALUES ('남성');
INSERT INTO MainCategory (MAIN_CATEGORY_NAME) VALUES ('홈, 아웃도어, 승마 용품');
INSERT INTO MainCategory (MAIN_CATEGORY_NAME) VALUES ('주얼리와 워치');
INSERT INTO MainCategory (MAIN_CATEGORY_NAME) VALUES ('향수와 메이크업');
INSERT INTO MainCategory (MAIN_CATEGORY_NAME) VALUES ('기프트');
INSERT INTO MainCategory (MAIN_CATEGORY_NAME) VALUES ('스페셜 에디션 및 서비스');

SELECT * FROM MainCategory;

#----------------------------------------------------

CREATE TABLE SubCategory (
SUB_CATEGORY_ID INT PRIMARY KEY,
MAIN_CATEGORY_ID INT,
SUB_CATEGORY_NAME VARCHAR(100) NOT NULL,
FOREIGN KEY (MAIN_CATEGORY_ID) REFERENCES maincategory(MAIN_CATEGORY_ID)
);

SELECT * FROM SubCategory;

INSERT INTO SubCategory (SUB_CATEGORY_ID, MAIN_CATEGORY_ID, SUB_CATEGORY_NAME) VALUES (11, 1, '여성복');
INSERT INTO SubCategory (SUB_CATEGORY_ID, MAIN_CATEGORY_ID, SUB_CATEGORY_NAME) VALUES (12, 1, '스카프, 숄과 스톨');
INSERT INTO SubCategory (SUB_CATEGORY_ID, MAIN_CATEGORY_ID, SUB_CATEGORY_NAME) VALUES (13, 1, '슈즈');
INSERT INTO SubCategory (SUB_CATEGORY_ID, MAIN_CATEGORY_ID, SUB_CATEGORY_NAME) VALUES (14, 1, '가방과 가죽 소품');
INSERT INTO SubCategory (SUB_CATEGORY_ID, MAIN_CATEGORY_ID, SUB_CATEGORY_NAME) VALUES (15, 1, '벨트');
INSERT INTO SubCategory (SUB_CATEGORY_ID, MAIN_CATEGORY_ID, SUB_CATEGORY_NAME) VALUES (16, 1, '모자와 글러브');
INSERT INTO SubCategory (SUB_CATEGORY_ID, MAIN_CATEGORY_ID, SUB_CATEGORY_NAME) VALUES (17, 1, '패션 주얼리');
INSERT INTO SubCategory (SUB_CATEGORY_ID, MAIN_CATEGORY_ID, SUB_CATEGORY_NAME) VALUES (18, 1, '테크 액세서리');
INSERT INTO SubCategory (SUB_CATEGORY_ID, MAIN_CATEGORY_ID, SUB_CATEGORY_NAME) VALUES (19, 1, '인스퍼레이션');

INSERT INTO SubCategory (SUB_CATEGORY_ID, MAIN_CATEGORY_ID, SUB_CATEGORY_NAME) VALUES (21, 2, '남성복');
INSERT INTO SubCategory (SUB_CATEGORY_ID, MAIN_CATEGORY_ID, SUB_CATEGORY_NAME) VALUES (22, 2, '타이와 스카프');
INSERT INTO SubCategory (SUB_CATEGORY_ID, MAIN_CATEGORY_ID, SUB_CATEGORY_NAME) VALUES (23, 2, '슈즈');
INSERT INTO SubCategory (SUB_CATEGORY_ID, MAIN_CATEGORY_ID, SUB_CATEGORY_NAME) VALUES (24, 2, '가방과 가죽 소품');
INSERT INTO SubCategory (SUB_CATEGORY_ID, MAIN_CATEGORY_ID, SUB_CATEGORY_NAME) VALUES (25, 2, '벨트');
INSERT INTO SubCategory (SUB_CATEGORY_ID, MAIN_CATEGORY_ID, SUB_CATEGORY_NAME) VALUES (26, 2, '패션 주얼리');
INSERT INTO SubCategory (SUB_CATEGORY_ID, MAIN_CATEGORY_ID, SUB_CATEGORY_NAME) VALUES (27, 2, '모자 & 장갑');
INSERT INTO SubCategory (SUB_CATEGORY_ID, MAIN_CATEGORY_ID, SUB_CATEGORY_NAME) VALUES (28, 2, '테크 액세서리');
INSERT INTO SubCategory (SUB_CATEGORY_ID, MAIN_CATEGORY_ID, SUB_CATEGORY_NAME) VALUES (29, 2, '인스퍼레이션');

INSERT INTO SubCategory (SUB_CATEGORY_ID, MAIN_CATEGORY_ID, SUB_CATEGORY_NAME) VALUES (31, 3, '플래드와 쿠션');
INSERT INTO SubCategory (SUB_CATEGORY_ID, MAIN_CATEGORY_ID, SUB_CATEGORY_NAME) VALUES (32, 3, '장식 오브제');
INSERT INTO SubCategory (SUB_CATEGORY_ID, MAIN_CATEGORY_ID, SUB_CATEGORY_NAME) VALUES (33, 3, '테이블웨어');
INSERT INTO SubCategory (SUB_CATEGORY_ID, MAIN_CATEGORY_ID, SUB_CATEGORY_NAME) VALUES (34, 3, '가구와 조명');
INSERT INTO SubCategory (SUB_CATEGORY_ID, MAIN_CATEGORY_ID, SUB_CATEGORY_NAME) VALUES (35, 3, '오피스 용품과 필기구');
INSERT INTO SubCategory (SUB_CATEGORY_ID, MAIN_CATEGORY_ID, SUB_CATEGORY_NAME) VALUES (36, 3, '비치 용품과 배스');
INSERT INTO SubCategory (SUB_CATEGORY_ID, MAIN_CATEGORY_ID, SUB_CATEGORY_NAME) VALUES (37, 3, '게임과 아웃도어 용품');
INSERT INTO SubCategory (SUB_CATEGORY_ID, MAIN_CATEGORY_ID, SUB_CATEGORY_NAME) VALUES (38, 3, '승마와 반려견 용품');
INSERT INTO SubCategory (SUB_CATEGORY_ID, MAIN_CATEGORY_ID, SUB_CATEGORY_NAME) VALUES (39, 3, '인스퍼레이션');

INSERT INTO SubCategory (SUB_CATEGORY_ID, MAIN_CATEGORY_ID, SUB_CATEGORY_NAME) VALUES (41, 4, '주얼리');
INSERT INTO SubCategory (SUB_CATEGORY_ID, MAIN_CATEGORY_ID, SUB_CATEGORY_NAME) VALUES (42, 4, '워치');
INSERT INTO SubCategory (SUB_CATEGORY_ID, MAIN_CATEGORY_ID, SUB_CATEGORY_NAME) VALUES (43, 4, '애플 워치 에르메스');

INSERT INTO SubCategory (SUB_CATEGORY_ID, MAIN_CATEGORY_ID, SUB_CATEGORY_NAME) VALUES (51, 5, '향수');
INSERT INTO SubCategory (SUB_CATEGORY_ID, MAIN_CATEGORY_ID, SUB_CATEGORY_NAME) VALUES (52, 5, '메이크업');

INSERT INTO SubCategory (SUB_CATEGORY_ID, MAIN_CATEGORY_ID, SUB_CATEGORY_NAME) VALUES (61, 6, '여성용 기프트');
INSERT INTO SubCategory (SUB_CATEGORY_ID, MAIN_CATEGORY_ID, SUB_CATEGORY_NAME) VALUES (62, 6, '남성용 기프트');
INSERT INTO SubCategory (SUB_CATEGORY_ID, MAIN_CATEGORY_ID, SUB_CATEGORY_NAME) VALUES (63, 6, '베이비 기프트');

INSERT INTO SubCategory (SUB_CATEGORY_ID, MAIN_CATEGORY_ID, SUB_CATEGORY_NAME) VALUES (71, 7, '맞춤 제작 오브제');

#DROP TABLE SubCategory;
#----------------------------------------------------

CREATE TABLE DetailCategory(
DETAIL_CATEGORY_ID INT PRIMARY KEY,
SUB_CATEGORY_ID INT,
DETAIL_CATEGORY_NAME VARCHAR(100) NOT NULL,
FOREIGN KEY (SUB_CATEGORY_ID) REFERENCES SubCategory(SUB_CATEGORY_ID)
);

SELECT * FROM DetailCategory;

INSERT INTO DetailCategory (DETAIL_CATEGORY_ID, SUB_CATEGORY_ID, DETAIL_CATEGORY_NAME) VALUES (1101, 11, '가을-겨울 2024 컬렉션 룩');
INSERT INTO DetailCategory (DETAIL_CATEGORY_ID, SUB_CATEGORY_ID, DETAIL_CATEGORY_NAME) VALUES (1102, 11, '봄-여름 2024 컬렉션 룩');
INSERT INTO DetailCategory (DETAIL_CATEGORY_ID, SUB_CATEGORY_ID, DETAIL_CATEGORY_NAME) VALUES (1103, 11, '코트 & 재킷');
INSERT INTO DetailCategory (DETAIL_CATEGORY_ID, SUB_CATEGORY_ID, DETAIL_CATEGORY_NAME) VALUES (1104, 11, '드레스 & 스커트');
INSERT INTO DetailCategory (DETAIL_CATEGORY_ID, SUB_CATEGORY_ID, DETAIL_CATEGORY_NAME) VALUES (1105, 11, '탑 & 셔츠');
INSERT INTO DetailCategory (DETAIL_CATEGORY_ID, SUB_CATEGORY_ID, DETAIL_CATEGORY_NAME) VALUES (1106, 11, '팬츠 & 쇼츠');
INSERT INTO DetailCategory (DETAIL_CATEGORY_ID, SUB_CATEGORY_ID, DETAIL_CATEGORY_NAME) VALUES (1107, 11, '니트웨어 & 트윌렌');
INSERT INTO DetailCategory (DETAIL_CATEGORY_ID, SUB_CATEGORY_ID, DETAIL_CATEGORY_NAME) VALUES (1108, 11, '비치웨어');
INSERT INTO DetailCategory (DETAIL_CATEGORY_ID, SUB_CATEGORY_ID, DETAIL_CATEGORY_NAME) VALUES (1109, 11, '2025 봄-여름 여성복 컬렉션 패션쇼');
INSERT INTO DetailCategory (DETAIL_CATEGORY_ID, SUB_CATEGORY_ID, DETAIL_CATEGORY_NAME) VALUES (1110, 11, '2024 가을-겨울 런웨이 쇼');

INSERT INTO DetailCategory (DETAIL_CATEGORY_ID, SUB_CATEGORY_ID, DETAIL_CATEGORY_NAME) VALUES (1201, 12, '스카프 & 실크 액세서리');
INSERT INTO DetailCategory (DETAIL_CATEGORY_ID, SUB_CATEGORY_ID, DETAIL_CATEGORY_NAME) VALUES (1202, 12, '캐시미어 숄 & 스톨');
INSERT INTO DetailCategory (DETAIL_CATEGORY_ID, SUB_CATEGORY_ID, DETAIL_CATEGORY_NAME) VALUES (1203, 12, '트윌리 & 기타 제품');
INSERT INTO DetailCategory (DETAIL_CATEGORY_ID, SUB_CATEGORY_ID, DETAIL_CATEGORY_NAME) VALUES (1204, 12, '모든 컬렉션');

INSERT INTO DetailCategory (DETAIL_CATEGORY_ID, SUB_CATEGORY_ID, DETAIL_CATEGORY_NAME) VALUES (1401, 14, '가방과 클러치');
INSERT INTO DetailCategory (DETAIL_CATEGORY_ID, SUB_CATEGORY_ID, DETAIL_CATEGORY_NAME) VALUES (1402, 14, '가죽 소품');
INSERT INTO DetailCategory (DETAIL_CATEGORY_ID, SUB_CATEGORY_ID, DETAIL_CATEGORY_NAME) VALUES (1403, 14, '러기지');
INSERT INTO DetailCategory (DETAIL_CATEGORY_ID, SUB_CATEGORY_ID, DETAIL_CATEGORY_NAME) VALUES (1404, 14, '가죽 액세서리');

INSERT INTO DetailCategory (DETAIL_CATEGORY_ID, SUB_CATEGORY_ID, DETAIL_CATEGORY_NAME) VALUES (1701, 17, '브레이슬릿');
INSERT INTO DetailCategory (DETAIL_CATEGORY_ID, SUB_CATEGORY_ID, DETAIL_CATEGORY_NAME) VALUES (1702, 17, '네크리스 & 팬던트');
INSERT INTO DetailCategory (DETAIL_CATEGORY_ID, SUB_CATEGORY_ID, DETAIL_CATEGORY_NAME) VALUES (1703, 17, '이어링');
INSERT INTO DetailCategory (DETAIL_CATEGORY_ID, SUB_CATEGORY_ID, DETAIL_CATEGORY_NAME) VALUES (1704, 17, '링과 기타 액세서리');
INSERT INTO DetailCategory (DETAIL_CATEGORY_ID, SUB_CATEGORY_ID, DETAIL_CATEGORY_NAME) VALUES (1705, 17, '모든 컬렉션');



INSERT INTO DetailCategory (DETAIL_CATEGORY_ID, SUB_CATEGORY_ID, DETAIL_CATEGORY_NAME) VALUES (2101, 21, '2024 가을/겨울 컬렉션');
INSERT INTO DetailCategory (DETAIL_CATEGORY_ID, SUB_CATEGORY_ID, DETAIL_CATEGORY_NAME) VALUES (2102, 21, '2024 봄-여름 컬렉션');
INSERT INTO DetailCategory (DETAIL_CATEGORY_ID, SUB_CATEGORY_ID, DETAIL_CATEGORY_NAME) VALUES (2103, 21, '코트 & 재킷');
INSERT INTO DetailCategory (DETAIL_CATEGORY_ID, SUB_CATEGORY_ID, DETAIL_CATEGORY_NAME) VALUES (2104, 21, '스포츠웨어');
INSERT INTO DetailCategory (DETAIL_CATEGORY_ID, SUB_CATEGORY_ID, DETAIL_CATEGORY_NAME) VALUES (2105, 21, '셔츠');
INSERT INTO DetailCategory (DETAIL_CATEGORY_ID, SUB_CATEGORY_ID, DETAIL_CATEGORY_NAME) VALUES (2106, 21, '팬츠 & 쇼츠');
INSERT INTO DetailCategory (DETAIL_CATEGORY_ID, SUB_CATEGORY_ID, DETAIL_CATEGORY_NAME) VALUES (2107, 21, '니트웨어 & 스웨트셔츠');
INSERT INTO DetailCategory (DETAIL_CATEGORY_ID, SUB_CATEGORY_ID, DETAIL_CATEGORY_NAME) VALUES (2108, 21, '티셔츠 & 폴로 셔츠');
INSERT INTO DetailCategory (DETAIL_CATEGORY_ID, SUB_CATEGORY_ID, DETAIL_CATEGORY_NAME) VALUES (2109, 21, '2025 봄-여름 컬렉션 패션쇼');
INSERT INTO DetailCategory (DETAIL_CATEGORY_ID, SUB_CATEGORY_ID, DETAIL_CATEGORY_NAME) VALUES (2110, 21, '2024 가을-겨울 런웨이 쇼');

INSERT INTO DetailCategory (DETAIL_CATEGORY_ID, SUB_CATEGORY_ID, DETAIL_CATEGORY_NAME) VALUES (2201, 22, '타이, 보타이 & 포켓 스퀘어');
INSERT INTO DetailCategory (DETAIL_CATEGORY_ID, SUB_CATEGORY_ID, DETAIL_CATEGORY_NAME) VALUES (2202, 22, '스카프');

INSERT INTO DetailCategory (DETAIL_CATEGORY_ID, SUB_CATEGORY_ID, DETAIL_CATEGORY_NAME) VALUES (2401, 24, '가방과 클러치');
INSERT INTO DetailCategory (DETAIL_CATEGORY_ID, SUB_CATEGORY_ID, DETAIL_CATEGORY_NAME) VALUES (2402, 24, '가죽 소품');
INSERT INTO DetailCategory (DETAIL_CATEGORY_ID, SUB_CATEGORY_ID, DETAIL_CATEGORY_NAME) VALUES (2403, 24, '러기지');
INSERT INTO DetailCategory (DETAIL_CATEGORY_ID, SUB_CATEGORY_ID, DETAIL_CATEGORY_NAME) VALUES (2404, 24, '가죽 액세서리');



INSERT INTO DetailCategory (DETAIL_CATEGORY_ID, SUB_CATEGORY_ID, DETAIL_CATEGORY_NAME) VALUES (3801, 38, '새들');
INSERT INTO DetailCategory (DETAIL_CATEGORY_ID, SUB_CATEGORY_ID, DETAIL_CATEGORY_NAME) VALUES (3802, 38, '말');
INSERT INTO DetailCategory (DETAIL_CATEGORY_ID, SUB_CATEGORY_ID, DETAIL_CATEGORY_NAME) VALUES (3803, 38, '기수');
INSERT INTO DetailCategory (DETAIL_CATEGORY_ID, SUB_CATEGORY_ID, DETAIL_CATEGORY_NAME) VALUES (3804, 38, '반려견');



INSERT INTO DetailCategory (DETAIL_CATEGORY_ID, SUB_CATEGORY_ID, DETAIL_CATEGORY_NAME) VALUES (4101, 41, '골드 주얼리');
INSERT INTO DetailCategory (DETAIL_CATEGORY_ID, SUB_CATEGORY_ID, DETAIL_CATEGORY_NAME) VALUES (4102, 41, '실버 주얼리');
INSERT INTO DetailCategory (DETAIL_CATEGORY_ID, SUB_CATEGORY_ID, DETAIL_CATEGORY_NAME) VALUES (4103, 41, 'Haute bijouterie');

INSERT INTO DetailCategory (DETAIL_CATEGORY_ID, SUB_CATEGORY_ID, DETAIL_CATEGORY_NAME) VALUES (4201, 42, '여성 워치');
INSERT INTO DetailCategory (DETAIL_CATEGORY_ID, SUB_CATEGORY_ID, DETAIL_CATEGORY_NAME) VALUES (4202, 42, '남성 워치');



INSERT INTO DetailCategory (DETAIL_CATEGORY_ID, SUB_CATEGORY_ID, DETAIL_CATEGORY_NAME) VALUES (5101, 51, '여성 라인');
INSERT INTO DetailCategory (DETAIL_CATEGORY_ID, SUB_CATEGORY_ID, DETAIL_CATEGORY_NAME) VALUES (5102, 51, '남성 라인');
INSERT INTO DetailCategory (DETAIL_CATEGORY_ID, SUB_CATEGORY_ID, DETAIL_CATEGORY_NAME) VALUES (5103, 51, '익스클루시브');
INSERT INTO DetailCategory (DETAIL_CATEGORY_ID, SUB_CATEGORY_ID, DETAIL_CATEGORY_NAME) VALUES (5104, 51, '배스');
INSERT INTO DetailCategory (DETAIL_CATEGORY_ID, SUB_CATEGORY_ID, DETAIL_CATEGORY_NAME) VALUES (5105, 51, '기프트');

INSERT INTO DetailCategory (DETAIL_CATEGORY_ID, SUB_CATEGORY_ID, DETAIL_CATEGORY_NAME) VALUES (5201, 52, '립');
INSERT INTO DetailCategory (DETAIL_CATEGORY_ID, SUB_CATEGORY_ID, DETAIL_CATEGORY_NAME) VALUES (5202, 52, '페이스');
INSERT INTO DetailCategory (DETAIL_CATEGORY_ID, SUB_CATEGORY_ID, DETAIL_CATEGORY_NAME) VALUES (5203, 52, '아이');
INSERT INTO DetailCategory (DETAIL_CATEGORY_ID, SUB_CATEGORY_ID, DETAIL_CATEGORY_NAME) VALUES (5204, 52, '네일');
INSERT INTO DetailCategory (DETAIL_CATEGORY_ID, SUB_CATEGORY_ID, DETAIL_CATEGORY_NAME) VALUES (5205, 52, '액세서리');

UPDATE DetailCategory
SET DETAIL_CATEGORY_NAME = '백'
WHERE DETAIL_CATEGORY_ID ='2401';



#DROP TABLE DetailCategory;